1,Werner,Laherty,wlaherty0@ed.gov,Male,45.65.157.196
2,Sella,Epsley,sepsley1@nature.com,Female,219.22.145.127
3,Urbano,Dubois,udubois2@skyrock.com,Male,70.90.71.206
4,Etti,Claricoats,eclaricoats3@google.ca,Female,225.113.205.198
5,Emylee,Bursell,ebursell4@chron.com,Female,157.217.212.190
6,Daisie,Seleway,dseleway5@csmonitor.com,Female,179.135.47.129
7,Don,Corsham,dcorsham6@printfriendly.com,Male,230.78.190.3
8,Gustavo,Dacres,gdacres7@woothemes.com,Male,66.27.147.93
9,Evy,Stockman,estockman8@moonfruit.com,Female,131.237.123.89
10,Saudra,Scurrah,sscurrah9@webs.com,Female,184.245.189.127
11,Dallas,Pindred,dpindreda@google.nl,Male,209.25.101.224
12,Heddi,Eastope,heastopeb@dell.com,Female,50.252.174.210
13,Guy,Vogl,gvoglc@boston.com,Male,114.152.100.240
14,Roarke,Houndsom,rhoundsomd@yolasite.com,Male,147.254.80.147
15,Ronica,Dust,rduste@microsoft.com,Female,3.201.20.99
16,Alexine,Booty,abootyf@princeton.edu,Female,205.224.53.41
17,Bronnie,Maffetti,bmaffettig@networksolutions.com,Male,76.188.183.179
18,Ingeberg,Skotcher,iskotcherh@sina.com.cn,Female,77.171.142.72
19,Ketti,Geoghegan,kgeoghegani@state.tx.us,Female,41.51.215.205
20,Shermie,Paroni,sparonij@mtv.com,Male,104.254.190.22
21,Forrester,Winchester,fwinchesterk@google.co.uk,Male,56.117.116.168
22,Conant,Embery,cemberyl@home.pl,Male,53.145.20.142
23,Nathanial,Mordecai,nmordecaim@shinystat.com,Male,72.73.17.214
24,Torrie,Widd,twiddn@cnet.com,Female,120.45.208.115
25,Elisabetta,Wildes,ewildeso@sfgate.com,Female,147.134.202.177
26,Fayth,Pennick,fpennickp@hp.com,Female,133.183.2.48
27,Carce,Garrettson,cgarrettsonq@macromedia.com,Male,46.214.253.145
28,Merrel,Cumo,mcumor@blinklist.com,Male,185.100.202.86
29,Maire,Antunes,mantuness@multiply.com,Female,225.91.204.14
30,Astra,Howick,ahowickt@reference.com,Female,3.143.187.240
31,Wendell,Huxham,whuxhamu@ow.ly,Male,10.205.193.189
32,Roselle,Jahnisch,rjahnischv@webs.com,Female,192.108.73.86
33,Carlina,Byng,cbyngw@google.com,Female,6.236.23.114
34,Hildegarde,Podmore,hpodmorex@vkontakte.ru,Female,55.135.135.95
35,Bernhard,Brahmer,bbrahmery@google.de,Male,99.211.210.129
36,Kally,Nicholls,knichollsz@nih.gov,Female,79.115.98.20
37,Lyndsie,Skey,lskey10@webnode.com,Female,199.45.121.56
38,Gery,Bunclark,gbunclark11@privacy.gov.au,Male,203.133.23.197
39,Nathanael,Roset,nroset12@yahoo.com,Male,80.31.5.242
40,Sandro,Crews,screws13@goo.ne.jp,Male,37.221.242.125
41,Consalve,Copner,ccopner14@toplist.cz,Male,59.152.160.40
42,Sarene,Brunelleschi,sbrunelleschi15@boston.com,Female,21.190.72.75
43,Giacinta,Anlay,ganlay16@twitter.com,Female,30.252.237.149
44,Reube,Coveley,rcoveley17@ed.gov,Male,124.108.204.23
45,Corine,Schouthede,cschouthede18@businessinsider.com,Female,48.254.220.209
46,Hewet,McLeese,hmcleese19@drupal.org,Male,130.42.36.4
47,Josiah,Suero,jsuero1a@paypal.com,Male,22.145.251.127
48,Urbain,Gutans,ugutans1b@meetup.com,Male,118.107.187.163
49,Lenka,Featherstone,lfeatherstone1c@tripod.com,Female,53.244.154.72
50,Kimberlyn,Newlove,knewlove1d@e-recht24.de,Female,32.244.112.57
51,Brinn,Voller,bvoller1e@facebook.com,Female,169.42.16.118
52,Rhiamon,Dudmesh,rdudmesh1f@desdev.cn,Female,136.22.54.135
53,Jacquenetta,Quiddinton,jquiddinton1g@trellian.com,Female,109.188.9.106
54,Bethany,Kitcherside,bkitcherside1h@livejournal.com,Female,142.146.224.25
55,Malchy,Walstow,mwalstow1i@ebay.co.uk,Male,195.37.242.58
56,Denver,McGennis,dmcgennis1j@geocities.jp,Male,235.26.97.71
57,Gil,Yakushkin,gyakushkin1k@vk.com,Male,22.14.235.53
58,Priscilla,Farans,pfarans1l@ovh.net,Female,47.187.76.57
59,Leif,Pickerin,lpickerin1m@weather.com,Male,138.152.143.219
60,Tripp,Gillimgham,tgillimgham1n@theatlantic.com,Male,148.145.155.19
61,Darren,Magor,dmagor1o@bloglovin.com,Male,227.71.133.46
62,Teodoor,Ward,tward1p@apache.org,Male,62.84.254.138
63,Hasty,Ackwood,hackwood1q@hugedomains.com,Male,63.160.157.31
64,Amos,Rhodef,arhodef1r@ning.com,Male,7.145.52.40
65,Didi,Slyne,dslyne1s@dot.gov,Female,194.227.222.207
66,Burnard,Lonsdale,blonsdale1t@ovh.net,Male,114.23.46.249
67,Elle,Breckon,ebreckon1u@networksolutions.com,Female,215.39.63.230
68,Hymie,Combes,hcombes1v@state.gov,Male,58.172.205.214
69,Erich,Edwardes,eedwardes1w@fc2.com,Male,32.41.132.248
70,Lenard,Treble,ltreble1x@vk.com,Male,146.121.32.20
71,Joycelin,Bateson,jbateson1y@ft.com,Female,138.30.142.214
72,Cazzie,Hanton,chanton1z@cafepress.com,Male,5.188.135.54
73,Tiebout,Middler,tmiddler20@abc.net.au,Male,74.94.86.50
74,Calida,Everleigh,ceverleigh21@creativecommons.org,Female,119.102.95.231
75,Guendolen,Satterly,gsatterly22@tmall.com,Female,114.180.93.86
76,Zacharias,Cowerd,zcowerd23@europa.eu,Male,210.21.96.237
77,Ringo,Eudall,reudall24@facebook.com,Male,19.4.243.120
78,Ingar,Biesterfeld,ibiesterfeld25@google.co.jp,Male,135.243.177.162
79,Kearney,Bronger,kbronger26@edublogs.org,Male,120.155.169.100
80,Olag,Avramovsky,oavramovsky27@thetimes.co.uk,Male,35.0.255.72
81,Biron,Mensler,bmensler28@tmall.com,Male,178.46.63.9
82,Arthur,Bengtsen,abengtsen29@aol.com,Male,22.135.227.107
83,Salomo,Tissington,stissington2a@creativecommons.org,Male,228.25.207.28
84,Maxy,Rosenzwig,mrosenzwig2b@devhub.com,Male,150.183.139.166
85,Free,Parkes,fparkes2c@ustream.tv,Male,6.6.183.253
86,Kara,Eastcourt,keastcourt2d@g.co,Female,129.47.157.131
87,Rayshell,Randle,rrandle2e@friendfeed.com,Female,174.122.243.220
88,Rafael,Adamek,radamek2f@taobao.com,Male,95.170.165.95
89,Robinet,Tossell,rtossell2g@chronoengine.com,Female,158.32.170.103
90,Sallie,Capron,scapron2h@angelfire.com,Female,1.151.28.144
91,Virgilio,Gooly,vgooly2i@google.it,Male,191.120.174.238
92,Danya,Vowell,dvowell2j@vkontakte.ru,Female,72.244.171.245
93,Jdavie,Jedrzejewski,jjedrzejewski2k@phpbb.com,Male,4.77.207.41
94,Angelico,Houldin,ahouldin2l@examiner.com,Male,235.156.142.82
95,Minnie,Aizik,maizik2m@google.ca,Female,116.30.50.72
96,Britt,Haseldine,bhaseldine2n@ezinearticles.com,Female,219.133.19.198
97,Madge,Kibblewhite,mkibblewhite2o@economist.com,Female,69.152.149.188
98,Therese,Najera,tnajera2p@theguardian.com,Female,41.237.230.45
99,North,Jorge,njorge2q@naver.com,Male,212.97.68.88
100,Roseann,Lukash,rlukash2r@slashdot.org,Female,160.70.76.202
101,Rosanne,Eakins,reakins2s@etsy.com,Female,0.144.220.101
102,Esther,Verryan,everryan2t@macromedia.com,Female,129.55.64.228
103,Darnell,Shepherd,dshepherd2u@statcounter.com,Male,68.132.182.27
104,Ophelia,Schruurs,oschruurs2v@techcrunch.com,Female,249.31.245.168
105,Colin,Gerdts,cgerdts2w@mysql.com,Male,81.153.170.233
106,Mervin,Berrington,mberrington2x@github.io,Male,180.251.36.10
107,Berty,Ruprich,bruprich2y@51.la,Female,153.79.8.123
108,Hagan,Coatsworth,hcoatsworth2z@pcworld.com,Male,121.66.10.210
109,Yorke,Roo,yroo30@nymag.com,Male,184.35.6.96
110,Ardys,Aimson,aaimson31@soup.io,Female,135.220.157.192
111,Sandro,Hugnet,shugnet32@360.cn,Male,76.13.244.45
112,Ogden,Riglar,origlar33@google.ru,Male,208.90.60.84
113,Garek,Josupeit,gjosupeit34@umn.edu,Male,51.208.229.137
114,Corey,Fobidge,cfobidge35@scribd.com,Male,220.232.99.84
115,Sophia,Bradburne,sbradburne36@topsy.com,Female,111.21.162.38
116,Evelyn,Badcock,ebadcock37@cnbc.com,Male,197.148.234.167
117,Smitty,Suscens,ssuscens38@jigsy.com,Male,233.125.141.177
118,Glenden,Smoth,gsmoth39@desdev.cn,Male,177.172.20.162
119,Tabby,Tole,ttole3a@artisteer.com,Male,181.219.104.8
120,Cassie,Dogg,cdogg3b@com.com,Male,94.128.218.189
121,Dunn,Simoens,dsimoens3c@springer.com,Male,34.58.68.102
122,Bonnie,Huller,bhuller3d@gravatar.com,Female,170.66.150.232
123,Ernaline,Kencott,ekencott3e@gmpg.org,Female,20.243.5.118
124,Christabel,Founds,cfounds3f@google.com.au,Female,148.109.36.124
125,Tessa,Lopes,tlopes3g@archive.org,Female,148.7.143.176
126,Maybelle,Goldis,mgoldis3h@mayoclinic.com,Female,109.229.73.108
127,Kore,Murtell,kmurtell3i@phpbb.com,Female,195.207.211.249
128,Iorgos,Sheerman,isheerman3j@reference.com,Male,22.21.98.106
129,Allison,Huyge,ahuyge3k@sciencedaily.com,Female,243.85.208.197
130,Elston,Kops,ekops3l@topsy.com,Male,3.158.49.0
131,Johnathon,Krugmann,jkrugmann3m@bandcamp.com,Male,45.31.55.211
132,Melva,Gledhall,mgledhall3n@wisc.edu,Female,47.82.79.93
133,Hortensia,O'Dreain,hodreain3o@is.gd,Female,126.134.197.252
134,Rockey,Paur,rpaur3p@bloomberg.com,Male,116.200.129.163
135,Yoshiko,MacTerlagh,ymacterlagh3q@linkedin.com,Female,206.51.65.92
136,Florri,Doohey,fdoohey3r@hud.gov,Female,25.41.105.138
137,Maryanna,D'Agostini,mdagostini3s@naver.com,Female,23.34.118.41
138,Carlie,Mogra,cmogra3t@globo.com,Male,18.231.184.119
139,Milt,Paver,mpaver3u@salon.com,Male,131.132.160.138
140,Augusto,Caughey,acaughey3v@thetimes.co.uk,Male,214.52.69.41
141,Sherye,Shwenn,sshwenn3w@go.com,Female,97.147.101.235
142,Sheba,Cleeton,scleeton3x@topsy.com,Female,20.59.143.119
143,Minor,Chavey,mchavey3y@sogou.com,Male,114.132.190.194
144,Brooke,Cowden,bcowden3z@guardian.co.uk,Male,241.92.212.86
145,Korey,Ilyin,kilyin40@marketwatch.com,Male,133.204.179.77
146,Meier,Silbert,msilbert41@latimes.com,Male,186.251.201.108
147,Giuditta,Bainton,gbainton42@webmd.com,Female,105.97.124.80
148,Marcus,Higgoe,mhiggoe43@cnn.com,Male,20.189.245.187
149,Brnaba,Hember,bhember44@unicef.org,Male,163.145.196.20
150,Gerri,Beausang,gbeausang45@usnews.com,Male,15.109.37.68
151,Donella,Huggin,dhuggin46@ca.gov,Female,120.125.216.195
152,Tracey,Kenen,tkenen47@comsenz.com,Female,140.170.24.151
153,Zorana,Durram,zdurram48@sogou.com,Female,180.142.213.73
154,Harp,Merryweather,hmerryweather49@drupal.org,Male,172.235.94.155
155,Abdul,Tagg,atagg4a@tiny.cc,Male,225.129.8.43
156,Augustine,Doucette,adoucette4b@blog.com,Male,220.111.209.2
157,Durante,Jedrzejewicz,djedrzejewicz4c@cnn.com,Male,138.32.14.203
158,Hanna,Topping,htopping4d@imageshack.us,Female,159.184.226.163
159,Esmaria,Francescozzi,efrancescozzi4e@geocities.com,Female,140.142.13.46
160,Diena,Darcey,ddarcey4f@rakuten.co.jp,Female,58.172.29.133
161,Edna,Aitkenhead,eaitkenhead4g@hibu.com,Female,161.205.220.65
162,Norman,Giffin,ngiffin4h@biblegateway.com,Male,250.147.72.47
163,Hillier,Lemerle,hlemerle4i@illinois.edu,Male,169.238.17.48
164,Gerri,McGuffog,gmcguffog4j@tinypic.com,Male,18.33.72.14
165,Catharine,Izakoff,cizakoff4k@pbs.org,Female,23.198.173.9
166,Rhys,Rupprecht,rrupprecht4l@tumblr.com,Male,138.217.106.8
167,Carina,Glewe,cglewe4m@shinystat.com,Female,0.253.104.96
168,Mikael,Rush,mrush4n@domainmarket.com,Male,86.234.222.208
169,Jareb,Addis,jaddis4o@soundcloud.com,Male,166.238.226.190
170,Devora,Sampey,dsampey4p@icio.us,Female,194.178.107.169
171,Rad,Fullard,rfullard4q@51.la,Male,91.144.120.29
172,Hermine,Basindale,hbasindale4r@whitehouse.gov,Female,233.55.222.213
173,Kingsley,Connolly,kconnolly4s@typepad.com,Male,164.138.66.87
174,Moise,Galier,mgalier4t@arstechnica.com,Male,6.103.0.138
175,Oralee,Samwayes,osamwayes4u@cyberchimps.com,Female,234.65.52.44
176,Hyacinth,Vasyukhnov,hvasyukhnov4v@icio.us,Female,150.97.166.62
177,Toddy,Perrigo,tperrigo4w@wsj.com,Male,238.138.222.17
178,Lilla,Sarsons,lsarsons4x@blogspot.com,Female,84.120.240.244
179,Ivett,Bateman,ibateman4y@sbwire.com,Female,41.104.115.169
180,Esther,Siehard,esiehard4z@huffingtonpost.com,Female,85.234.188.48
181,Zack,Clemmensen,zclemmensen50@engadget.com,Male,160.201.14.28
182,Hortense,Ditts,hditts51@hhs.gov,Female,116.99.217.98
183,Dodie,Jovicic,djovicic52@ning.com,Female,183.208.51.62
184,Katey,Heifer,kheifer53@patch.com,Female,59.27.208.61
185,Lesli,Brent,lbrent54@businessinsider.com,Female,122.183.181.26
186,Winny,Cobley,wcobley55@usatoday.com,Male,82.32.24.195
187,Rori,Klugman,rklugman56@blogger.com,Female,14.73.170.3
188,Gabrila,Epple,gepple57@telegraph.co.uk,Female,22.247.240.130
189,Enrique,Olney,eolney58@ftc.gov,Male,22.107.65.148
190,Adolpho,Norquoy,anorquoy59@flavors.me,Male,38.27.103.185
191,Putnam,Sussans,psussans5a@purevolume.com,Male,126.243.178.48
192,Candy,Pyffe,cpyffe5b@hhs.gov,Female,187.7.236.110
193,Cindee,Manjin,cmanjin5c@pinterest.com,Female,137.164.181.152
194,Marie-jeanne,Burchett,mburchett5d@weibo.com,Female,219.41.124.224
195,Dana,Josuweit,djosuweit5e@linkedin.com,Male,220.76.148.247
196,Shoshana,Lewcock,slewcock5f@jigsy.com,Female,64.248.93.180
197,Garald,Kincade,gkincade5g@huffingtonpost.com,Male,58.202.163.96
198,Consuela,Vecard,cvecard5h@flavors.me,Female,173.140.232.254
199,Aleen,Rickhuss,arickhuss5i@ft.com,Female,130.163.128.193
200,Rutger,Sebrens,rsebrens5j@mysql.com,Male,20.7.110.151
201,Addi,Rollingson,arollingson5k@uol.com.br,Female,148.125.220.186
202,Bertina,Stratton,bstratton5l@imdb.com,Female,190.7.85.233
203,Maxy,Neads,mneads5m@seesaa.net,Female,72.73.187.123
204,Rolfe,Trobe,rtrobe5n@scientificamerican.com,Male,41.25.146.151
205,Bobette,Morrish,bmorrish5o@ihg.com,Female,85.133.226.94
206,Jemima,Inglesant,jinglesant5p@cafepress.com,Female,211.64.179.113
207,Raimundo,Cornbell,rcornbell5q@usgs.gov,Male,154.236.88.201
208,Hendrick,Colvie,hcolvie5r@yellowbook.com,Male,18.38.255.136
209,Jennine,Ohlsen,johlsen5s@deliciousdays.com,Female,195.232.213.8
210,Allie,Pietrowski,apietrowski5t@merriam-webster.com,Male,239.237.28.9
211,Averyl,Kenrack,akenrack5u@yolasite.com,Female,215.80.13.53
212,Kristen,Jaine,kjaine5v@biblegateway.com,Female,157.173.154.207
213,Dori,Johnsey,djohnsey5w@technorati.com,Female,46.161.216.201
214,Erhard,Firks,efirks5x@miibeian.gov.cn,Male,132.179.121.213
215,Rebekah,McDunlevy,rmcdunlevy5y@msn.com,Female,103.190.175.180
216,Tybie,Doret,tdoret5z@blogger.com,Female,181.245.255.76
217,Gratia,Dulson,gdulson60@shareasale.com,Female,191.208.187.20
218,Ferrell,Spittle,fspittle61@blog.com,Male,147.249.103.183
219,Eadie,O'Duane,eoduane62@about.com,Female,85.145.246.32
220,Allyn,Josling,ajosling63@blogs.com,Male,218.10.53.1
221,Lindy,Laxton,llaxton64@dropbox.com,Male,32.123.63.230
222,Gunther,O'Toole,gotoole65@npr.org,Male,153.241.89.75
223,Odette,Lamperti,olamperti66@jugem.jp,Female,184.238.129.139
224,Doyle,Culter,dculter67@shop-pro.jp,Male,3.153.96.124
225,Rock,Quainton,rquainton68@soup.io,Male,129.68.192.246
226,Georgy,Thurling,gthurling69@jugem.jp,Male,217.149.20.231
227,Eben,Snowball,esnowball6a@naver.com,Male,123.36.29.197
228,Frederica,Patrie,fpatrie6b@g.co,Female,220.169.232.41
229,Raynor,Gershom,rgershom6c@furl.net,Male,114.141.132.140
230,Hewie,Cerman,hcerman6d@patch.com,Male,102.218.210.127
231,Earlie,Caen,ecaen6e@mozilla.com,Male,172.68.166.72
232,Joseito,Muriel,jmuriel6f@home.pl,Male,2.91.37.43
233,Paolo,Nunson,pnunson6g@imdb.com,Male,132.247.196.226
234,Ertha,Pantling,epantling6h@livejournal.com,Female,244.56.234.152
235,Tommie,Edgeller,tedgeller6i@google.es,Male,173.54.91.241
236,Porty,Thain,pthain6j@house.gov,Male,247.114.229.82
237,Tabbie,Wyllcocks,twyllcocks6k@globo.com,Male,121.250.147.32
238,Ase,Coult,acoult6l@gravatar.com,Male,100.64.126.254
239,Bobbye,St. Queintain,bstqueintain6m@fotki.com,Female,243.238.136.20
240,Lolita,Cellier,lcellier6n@360.cn,Female,134.183.31.210
241,Brand,Bitchener,bbitchener6o@howstuffworks.com,Male,104.94.121.237
242,Hermy,Philippe,hphilippe6p@amazon.com,Male,106.7.182.227
243,Bogart,Winship,bwinship6q@yale.edu,Male,197.240.51.87
244,Frederic,Maceur,fmaceur6r@51.la,Male,24.168.144.235
245,Norry,Baron,nbaron6s@usnews.com,Female,224.82.184.236
246,Bunni,Brilon,bbrilon6t@uol.com.br,Female,197.236.16.163
247,Nelie,Lawdham,nlawdham6u@nature.com,Female,124.230.221.10
248,Erika,Glentz,eglentz6v@wikimedia.org,Female,18.12.72.158
249,Heddi,Roydon,hroydon6w@freewebs.com,Female,188.239.60.80
250,Othilia,McGahern,omcgahern6x@seattletimes.com,Female,149.105.41.29
251,Erinn,Cosin,ecosin6y@free.fr,Female,203.106.34.247
252,Arch,Gaunson,agaunson6z@sohu.com,Male,170.107.25.99
253,Harmony,Trice,htrice70@netscape.com,Female,142.10.247.0
254,Deirdre,Frisel,dfrisel71@bizjournals.com,Female,217.249.90.153
255,Pierre,Lambe,plambe72@usgs.gov,Male,137.163.219.108
256,Wernher,Marchi,wmarchi73@ucoz.com,Male,163.132.19.172
257,Adora,Briatt,abriatt74@gov.uk,Female,184.131.184.35
258,Molli,Feeney,mfeeney75@timesonline.co.uk,Female,99.155.225.195
259,Miguela,Renackowna,mrenackowna76@npr.org,Female,90.9.229.18
260,Stefano,Petrie,spetrie77@booking.com,Male,33.241.170.27
261,Gustavo,Girvin,ggirvin78@vistaprint.com,Male,144.215.252.147
262,Kalle,Waudby,kwaudby79@auda.org.au,Male,224.123.148.67
263,Kippy,Stanford,kstanford7a@theguardian.com,Female,228.152.242.13
264,Leupold,Tesmond,ltesmond7b@go.com,Male,44.226.167.211
265,Wallis,Cuttings,wcuttings7c@omniture.com,Male,107.69.208.230
266,Sue,Mattaus,smattaus7d@altervista.org,Female,95.143.213.130
267,Alberta,Rubke,arubke7e@odnoklassniki.ru,Female,252.43.119.52
268,Frederica,Chillcot,fchillcot7f@domainmarket.com,Female,68.104.166.224
269,Margi,Mersh,mmersh7g@mashable.com,Female,40.131.124.5
270,Worthy,Toth,wtoth7h@zdnet.com,Male,22.60.117.87
271,Barbaraanne,McGonigal,bmcgonigal7i@ask.com,Female,92.58.121.29
272,Corina,Sandiford,csandiford7j@t-online.de,Female,64.239.92.245
273,Erich,Oliveras,eoliveras7k@reference.com,Male,141.78.67.141
274,Nico,Coltart,ncoltart7l@theatlantic.com,Male,83.201.29.187
275,Otis,Basek,obasek7m@skyrock.com,Male,59.47.187.122
276,Jordanna,Sperling,jsperling7n@google.es,Female,177.176.82.15
277,Tara,Wright,twright7o@mlb.com,Female,93.219.128.165
278,Rosana,Varah,rvarah7p@un.org,Female,157.61.45.177
279,Jourdain,Wareham,jwareham7q@twitpic.com,Male,15.21.62.234
280,Mabelle,Tondeur,mtondeur7r@slate.com,Female,121.39.193.41
281,Jesse,Atcherley,jatcherley7s@nih.gov,Female,248.142.221.205
282,Xenia,Christescu,xchristescu7t@eventbrite.com,Female,137.117.175.169
283,Gayelord,Lauks,glauks7u@seesaa.net,Male,164.50.99.221
284,Neill,Bidewell,nbidewell7v@slideshare.net,Male,33.251.63.53
285,Gilberte,Ranken,granken7w@privacy.gov.au,Female,228.106.22.185
286,Selby,Jessope,sjessope7x@npr.org,Male,79.53.165.99
287,Madelin,Barbe,mbarbe7y@skyrock.com,Female,161.111.86.3
288,Concordia,Maric,cmaric7z@europa.eu,Female,217.151.11.45
289,Lu,Deane,ldeane80@miibeian.gov.cn,Female,247.248.204.228
290,Bryanty,Holdron,bholdron81@hubpages.com,Male,125.182.41.116
291,Rex,Beadnall,rbeadnall82@surveymonkey.com,Male,196.28.18.63
292,Debby,Kubista,dkubista83@biglobe.ne.jp,Female,114.142.99.106
293,Wilton,Crilley,wcrilley84@netlog.com,Male,174.119.3.198
294,Timmy,Allone,tallone85@spiegel.de,Female,192.178.144.78
295,Debi,Clemenzi,dclemenzi86@umich.edu,Female,63.213.106.121
296,Amalia,Leavy,aleavy87@census.gov,Female,22.169.3.33
297,Garwin,Ivakhnov,givakhnov88@ask.com,Male,15.114.40.69
298,Adriaens,Ovey,aovey89@marriott.com,Female,56.233.216.233
299,Karrie,McBeith,kmcbeith8a@indiegogo.com,Female,141.240.3.58
300,Hermy,Torri,htorri8b@indiatimes.com,Male,76.230.182.58
301,Ham,Luttgert,hluttgert8c@hibu.com,Male,250.191.180.29
302,Cullin,Turland,cturland8d@tamu.edu,Male,186.49.204.220
303,Leontyne,Langfitt,llangfitt8e@unblog.fr,Female,252.228.192.45
304,Zarah,Andrault,zandrault8f@imdb.com,Female,227.116.115.114
305,Ed,McDougal,emcdougal8g@shutterfly.com,Male,189.195.13.182
306,Gertrudis,Skerritt,gskerritt8h@ocn.ne.jp,Female,97.38.167.63
307,Iago,Devey,idevey8i@i2i.jp,Male,54.179.168.187
308,Paton,Wallenger,pwallenger8j@time.com,Male,45.146.37.13
309,Wyatan,Hackwell,whackwell8k@networksolutions.com,Male,159.62.23.47
310,Harcourt,McCrackem,hmccrackem8l@blogger.com,Male,142.254.102.176
311,Eli,Frosdick,efrosdick8m@altervista.org,Male,82.74.131.233
312,Rusty,Scoles,rscoles8n@google.es,Male,79.119.230.86
313,Jorrie,Stallebrass,jstallebrass8o@nps.gov,Female,200.198.207.34
314,Anneliese,Meak,ameak8p@cornell.edu,Female,146.237.249.136
315,Gustaf,Standbrooke,gstandbrooke8q@thetimes.co.uk,Male,252.70.183.170
316,Agneta,Rawlingson,arawlingson8r@shareasale.com,Female,240.233.252.242
317,Elmo,Haysar,ehaysar8s@altervista.org,Male,201.71.229.121
318,Alyosha,Taber,ataber8t@sogou.com,Male,138.119.96.155
319,Josee,Feather,jfeather8u@technorati.com,Female,36.117.56.158
320,Petronia,Simoens,psimoens8v@unicef.org,Female,187.107.102.136
321,Aguie,Jurczik,ajurczik8w@furl.net,Male,42.150.52.40
322,Lem,Dearn,ldearn8x@hhs.gov,Male,119.191.0.48
323,Lyle,Gregoire,lgregoire8y@scientificamerican.com,Male,209.203.143.75
324,Donelle,Pluthero,dpluthero8z@delicious.com,Female,194.209.138.80
325,Chrotoem,Carnihan,ccarnihan90@noaa.gov,Male,150.98.192.234
326,Ginelle,Zoanetti,gzoanetti91@technorati.com,Female,5.234.224.33
327,Karolina,Strognell,kstrognell92@pbs.org,Female,215.100.74.183
328,Remington,Thornton,rthornton93@trellian.com,Male,38.134.164.164
329,Mufi,Kubica,mkubica94@seesaa.net,Female,171.147.43.216
330,Wake,Nazareth,wnazareth95@xinhuanet.com,Male,214.225.21.242
331,Artemas,Vian,avian96@cbsnews.com,Male,149.210.200.160
332,Tiffanie,Osmond,tosmond97@intel.com,Female,246.31.229.52
333,Torrence,Southcombe,tsouthcombe98@who.int,Male,188.175.113.91
334,Giraud,Dickings,gdickings99@nymag.com,Male,237.246.8.104
335,Steffi,Harpin,sharpin9a@usatoday.com,Female,167.135.138.75
336,Hilliard,Weafer,hweafer9b@usnews.com,Male,118.210.220.36
337,Effie,Diano,ediano9c@oakley.com,Female,117.88.132.224
338,Upton,Edgerton,uedgerton9d@cnbc.com,Male,22.220.220.223
339,Evania,Caskey,ecaskey9e@archive.org,Female,125.139.31.105
340,Dorolisa,Layne,dlayne9f@devhub.com,Female,88.193.152.9
341,Risa,Dessant,rdessant9g@alexa.com,Female,106.126.111.128
342,Shelia,Czajkowska,sczajkowska9h@chronoengine.com,Female,86.54.174.133
343,Diandra,McGrudder,dmcgrudder9i@yellowbook.com,Female,139.97.240.154
344,Leah,Osboldstone,losboldstone9j@live.com,Female,157.72.42.233
345,Elayne,Britner,ebritner9k@blinklist.com,Female,10.14.21.76
346,Patric,Chern,pchern9l@cmu.edu,Male,58.143.175.229
347,Dexter,Jugging,djugging9m@abc.net.au,Male,189.140.151.72
348,Ammamaria,Zanassi,azanassi9n@unc.edu,Female,9.182.79.76
349,Kylynn,Lowing,klowing9o@google.co.uk,Female,137.86.144.106
350,Robbie,Guslon,rguslon9p@delicious.com,Female,111.10.130.61
351,Gal,Terzo,gterzo9q@nyu.edu,Male,191.106.18.132
352,Marjy,Radmer,mradmer9r@marketwatch.com,Female,245.107.126.109
353,Dorisa,Higgonet,dhiggonet9s@hc360.com,Female,147.107.113.179
354,Hoebart,Ofener,hofener9t@flavors.me,Male,139.226.14.181
355,Melisse,Bust,mbust9u@homestead.com,Female,65.251.228.185
356,Booth,Poveleye,bpoveleye9v@hexun.com,Male,152.94.165.123
357,Tyson,Kerner,tkerner9w@guardian.co.uk,Male,149.5.23.38
358,Lorelle,Bridger,lbridger9x@youtube.com,Female,112.147.1.229
359,Lura,Slemming,lslemming9y@geocities.jp,Female,189.255.60.127
360,Biddie,Trueman,btrueman9z@123-reg.co.uk,Female,20.27.47.254
361,Iosep,Moneti,imonetia0@tumblr.com,Male,150.140.44.230
362,Beulah,Gatesman,bgatesmana1@technorati.com,Female,190.31.97.149
363,Donaugh,Bazire,dbazirea2@google.cn,Male,37.158.171.136
364,La verne,Scough,lscougha3@wp.com,Female,169.7.252.52
365,Brod,Tolcharde,btolchardea4@gov.uk,Male,127.17.226.177
366,Christina,Leveritt,cleveritta5@mail.ru,Female,114.75.17.101
367,Hillery,Spieck,hspiecka6@instagram.com,Male,200.114.107.25
368,Maurise,Shalcras,mshalcrasa7@reddit.com,Male,18.167.224.172
369,Cort,Flaherty,cflahertya8@jugem.jp,Male,32.108.162.184
370,Rik,Manston,rmanstona9@ed.gov,Male,59.66.86.31
371,Kattie,Gatrill,kgatrillaa@privacy.gov.au,Female,13.105.163.78
372,Ambrose,Ayton,aaytonab@latimes.com,Male,169.198.119.181
373,Flss,Janssen,fjanssenac@histats.com,Female,142.48.197.45
374,Ronica,Mattei,rmatteiad@lulu.com,Female,114.121.99.89
375,Fitzgerald,Lanmeid,flanmeidae@craigslist.org,Male,18.188.81.90
376,Khalil,Skrines,kskrinesaf@independent.co.uk,Male,237.246.49.60
377,Sebastien,Menezes,smenezesag@sakura.ne.jp,Male,169.107.200.188
378,Ree,Isley,risleyah@virginia.edu,Female,113.43.113.216
379,Marsh,Mullard,mmullardai@infoseek.co.jp,Male,61.135.11.141
380,Flory,Bultitude,fbultitudeaj@spiegel.de,Male,209.244.181.219
381,Harley,Traite,htraiteak@bbc.co.uk,Female,215.180.186.2
382,Angie,Covelle,acovelleal@deviantart.com,Male,141.192.14.15
383,Kitti,Alfonsini,kalfonsiniam@squarespace.com,Female,191.17.36.121
384,Joella,Rawstron,jrawstronan@wordpress.com,Female,162.193.8.254
385,Lurlene,Earley,learleyao@123-reg.co.uk,Female,234.160.79.131
386,Elana,Pattesall,epattesallap@lycos.com,Female,30.142.197.80
387,Samaria,McKleod,smckleodaq@networksolutions.com,Female,47.164.18.34
388,Pamella,Armin,parminar@soup.io,Female,118.188.213.192
389,Dorella,Barthorpe,dbarthorpeas@dedecms.com,Female,162.247.162.214
390,Bancroft,Wakley,bwakleyat@aol.com,Male,212.245.154.92
391,Ange,Aylmer,aaylmerau@amazon.de,Male,96.194.115.113
392,Zerk,Edmeades,zedmeadesav@boston.com,Male,213.126.50.112
393,Dione,Monard,dmonardaw@ca.gov,Female,203.197.6.45
394,Rancell,Corneljes,rcorneljesax@chronoengine.com,Male,232.214.8.172
395,Daron,Leech,dleechay@xing.com,Male,115.5.5.54
396,Becka,Marrison,bmarrisonaz@e-recht24.de,Female,91.149.9.5
397,Joey,Fawcett,jfawcettb0@loc.gov,Female,188.101.127.126
398,Jo ann,Shrimpling,jshrimplingb1@scribd.com,Female,73.181.129.52
399,Stuart,Uren,surenb2@cnet.com,Male,99.101.249.35
400,Edouard,Sturdey,esturdeyb3@blogtalkradio.com,Male,109.78.77.56
401,Kristine,Farman,kfarmanb4@utexas.edu,Female,150.183.231.106
402,Carleton,Tulip,ctulipb5@elegantthemes.com,Male,82.26.40.205
403,Bil,Geertsen,bgeertsenb6@tumblr.com,Male,118.165.246.204
404,Louella,Chinery,lchineryb7@chicagotribune.com,Female,95.166.76.30
405,Bryn,Pattini,bpattinib8@youtu.be,Male,1.112.211.57
406,Ashton,Noen,anoenb9@hexun.com,Male,250.212.31.46
407,Flo,Barukh,fbarukhba@seesaa.net,Female,196.149.44.18
408,Orville,Gilliam,ogilliambb@msn.com,Male,238.250.246.133
409,Dane,Chauvey,dchauveybc@wikia.com,Male,220.15.255.58
410,Carmela,Hakonsson,chakonssonbd@sun.com,Female,172.20.73.255
411,Theo,Waugh,twaughbe@mozilla.com,Female,191.27.66.190
412,Audry,Allabarton,aallabartonbf@xing.com,Female,210.70.223.239
413,Marietta,Cutchey,mcutcheybg@edublogs.org,Male,231.23.65.153
414,Noni,Roizn,nroiznbh@wix.com,Female,110.199.176.134
415,Kora,Duddan,kduddanbi@skype.com,Female,163.73.108.5
416,Ophelia,Feldmark,ofeldmarkbj@yelp.com,Female,188.191.12.142
417,Brendis,Manning,bmanningbk@gov.uk,Male,47.103.74.192
418,Emeline,Crank,ecrankbl@cnet.com,Female,50.70.249.186
419,Olenolin,Ingarfill,oingarfillbm@edublogs.org,Male,168.136.21.37
420,Elicia,Verrill,everrillbn@bloomberg.com,Female,61.37.98.192
421,Karlee,Venables,kvenablesbo@dyndns.org,Female,99.8.174.181
422,Evelin,Aldrich,ealdrichbp@taobao.com,Male,186.113.8.86
423,Torey,Shrawley,tshrawleybq@miitbeian.gov.cn,Male,50.28.124.222
424,Jocelyn,Hue,jhuebr@addtoany.com,Female,21.56.92.98
425,Wilek,Daffey,wdaffeybs@yellowbook.com,Male,78.198.212.103
426,Mendy,Shovelton,mshoveltonbt@salon.com,Male,218.74.17.242
427,Guss,Sheldrake,gsheldrakebu@nhs.uk,Male,112.59.116.224
428,Louisette,Tolley,ltolleybv@g.co,Female,202.7.220.183
429,Tabby,Horry,thorrybw@uol.com.br,Female,29.219.112.158
430,Cassandre,Furness,cfurnessbx@foxnews.com,Female,58.124.135.31
431,Natty,McAvinchey,nmcavincheyby@icio.us,Male,171.76.116.249
432,Emelia,Shurrock,eshurrockbz@gmpg.org,Female,217.143.162.81
433,Doretta,Alliot,dalliotc0@barnesandnoble.com,Female,58.122.154.64
434,Ewell,Frogley,efrogleyc1@soup.io,Male,180.164.235.210
435,Winonah,McCrea,wmccreac2@answers.com,Female,27.52.155.230
436,Jewelle,Creaven,jcreavenc3@google.cn,Female,69.24.154.249
437,Bat,Goranov,bgoranovc4@wikipedia.org,Male,91.224.151.29
438,Mitchael,Fellgatt,mfellgattc5@instagram.com,Male,77.26.213.243
439,Elva,Cabel,ecabelc6@bloglovin.com,Female,36.148.62.124
440,Dollie,Huntriss,dhuntrissc7@opensource.org,Female,110.233.191.12
441,Kriste,Hamber,khamberc8@reverbnation.com,Female,129.214.228.57
442,Janot,Lochrie,jlochriec9@php.net,Female,146.116.230.144
443,Elisabetta,Mellor,emellorca@angelfire.com,Female,59.60.231.49
444,Rockwell,Brahan,rbrahancb@about.com,Male,239.225.115.73
445,Colline,Dullingham,cdullinghamcc@sina.com.cn,Female,127.241.188.227
446,Anjanette,O'Collopy,aocollopycd@nba.com,Female,55.87.202.240
447,Coleen,Ludwikiewicz,cludwikiewiczce@google.com.br,Female,49.13.254.84
448,Ambrosi,Begin,abegincf@paginegialle.it,Male,15.125.189.217
449,Lew,Sagerson,lsagersoncg@mozilla.com,Male,47.235.103.47
450,Robinson,Hearnah,rhearnahch@japanpost.jp,Male,14.179.238.137
451,Meyer,Spatoni,mspatonici@csmonitor.com,Male,186.196.242.90
452,Terrel,Crowley,tcrowleycj@npr.org,Male,218.146.87.159
453,Winnie,Beattie,wbeattieck@pinterest.com,Male,178.192.46.126
454,Livvy,Kershow,lkershowcl@1688.com,Female,206.167.16.138
455,Anstice,Shepard,ashepardcm@dell.com,Female,193.251.218.1
456,Corey,Boller,cbollercn@gravatar.com,Male,20.190.174.69
457,Sapphire,Esgate,sesgateco@bigcartel.com,Female,72.203.194.228
458,Katherina,Loody,kloodycp@umn.edu,Female,210.114.159.150
459,Lezley,Ditter,ldittercq@comsenz.com,Male,182.175.119.27
460,Karee,Jewise,kjewisecr@youku.com,Female,181.72.163.53
461,Reade,Heasly,rheaslycs@dyndns.org,Male,111.255.96.23
462,Carin,Lexa,clexact@apache.org,Female,47.156.88.181
463,Yorke,Passler,ypasslercu@vimeo.com,Male,114.80.61.32
464,Jeannie,Trodden,jtroddencv@hud.gov,Female,9.34.207.59
465,Hyman,Gleader,hgleadercw@reuters.com,Male,180.110.216.125
466,Odo,Dullingham,odullinghamcx@altervista.org,Male,41.238.252.187
467,Ahmad,Skarin,askarincy@elpais.com,Male,25.246.185.113
468,Ibby,Picheford,ipichefordcz@acquirethisname.com,Female,15.15.217.60
469,Gannon,Dunderdale,gdunderdaled0@prlog.org,Male,230.187.147.6
470,Gayelord,Baptist,gbaptistd1@oaic.gov.au,Male,231.228.215.121
471,Tilly,Caslett,tcaslettd2@networksolutions.com,Female,57.156.166.188
472,Raimondo,Hallard,rhallardd3@seesaa.net,Male,252.123.165.32
473,Robina,Iddison,riddisond4@who.int,Female,175.4.200.106
474,Kassey,Geddes,kgeddesd5@privacy.gov.au,Female,175.71.132.102
475,Thane,Salerno,tsalernod6@cyberchimps.com,Male,169.238.70.119
476,Gib,Milverton,gmilvertond7@free.fr,Male,240.89.144.238
477,Clare,Hogbin,chogbind8@dion.ne.jp,Male,109.87.249.69
478,Monte,Cahillane,mcahillaned9@dailymail.co.uk,Male,13.100.100.8
479,Babita,Hawtrey,bhawtreyda@wix.com,Female,94.81.114.4
480,Horatius,Shovel,hshoveldb@huffingtonpost.com,Male,62.133.39.49
481,Vanda,Mullin,vmullindc@prweb.com,Female,91.226.82.241
482,Gottfried,Sarsfield,gsarsfielddd@theglobeandmail.com,Male,73.241.39.210
483,Georgetta,Fitzer,gfitzerde@jigsy.com,Female,97.62.187.41
484,Carce,Purkiss,cpurkissdf@google.pl,Male,239.32.126.71
485,Norine,Ornelas,nornelasdg@icq.com,Female,60.132.176.16
486,Lorens,Dalyell,ldalyelldh@about.me,Male,241.249.4.32
487,Elsey,Sute,esutedi@themeforest.net,Female,72.38.231.225
488,Dasha,Skellion,dskelliondj@google.fr,Female,51.129.20.177
489,Zita,Hirsch,zhirschdk@mozilla.com,Female,180.92.124.124
490,Minna,Ughelli,mughellidl@odnoklassniki.ru,Female,82.20.35.233
491,Giffer,Van Bruggen,gvanbruggendm@msn.com,Male,153.52.4.24
492,Anastasia,Raymond,araymonddn@time.com,Female,233.77.66.64
493,Steven,Breens,sbreensdo@illinois.edu,Male,13.76.215.132
494,Weylin,Drage,wdragedp@vimeo.com,Male,68.219.198.85
495,Darleen,Mursell,dmurselldq@narod.ru,Female,213.30.144.136
496,Faustine,Gilson,fgilsondr@prweb.com,Female,45.124.220.120
497,Leonerd,Fordy,lfordyds@technorati.com,Male,96.89.243.1
498,Fabe,Bruffell,fbruffelldt@sakura.ne.jp,Male,175.175.211.95
499,Louie,Daglish,ldaglishdu@paypal.com,Male,58.82.108.92
500,Farris,Dominiak,fdominiakdv@usgs.gov,Male,189.166.35.5
501,Llywellyn,Pudding,lpuddingdw@mail.ru,Male,92.38.99.58
502,Miller,Verdon,mverdondx@usgs.gov,Male,179.211.127.155
503,Claiborne,Barnhart,cbarnhartdy@stanford.edu,Male,111.153.68.39
504,Bastian,Brisbane,bbrisbanedz@pbs.org,Male,126.188.56.243
505,Jone,Britten,jbrittene0@theguardian.com,Male,147.192.45.100
506,Turner,Jacobowicz,tjacobowicze1@ehow.com,Male,56.60.148.64
507,Leroi,Pirelli,lpirellie2@edublogs.org,Male,35.74.76.217
508,Adela,Cawsby,acawsbye3@nih.gov,Female,31.13.152.182
509,Bartlett,Capell,bcapelle4@hexun.com,Male,95.52.187.184
510,Joseito,Brisley,jbrisleye5@prnewswire.com,Male,153.105.0.131
511,Corilla,Slayford,cslayforde6@google.es,Female,79.29.49.45
512,Trisha,Arrigo,tarrigoe7@zdnet.com,Female,179.112.108.109
513,Chane,Henaughan,chenaughane8@blogs.com,Male,222.190.45.240
514,Amandi,Mathivat,amathivate9@netvibes.com,Female,223.211.226.11
515,Ase,Eagland,aeaglandea@histats.com,Male,24.8.12.175
516,Aldon,Snipe,asnipeeb@google.ca,Male,185.63.54.5
517,Laura,Been,lbeenec@parallels.com,Female,116.244.0.23
518,Nero,Fairchild,nfairchilded@nhs.uk,Male,34.125.184.7
519,Brandice,Winkell,bwinkellee@mysql.com,Female,43.88.102.230
520,Trixie,De Ambrosi,tdeambrosief@cbslocal.com,Female,225.196.5.10
521,Meredith,Emma,memmaeg@hao123.com,Female,27.23.167.47
522,Ernst,Stanborough,estanborougheh@ucla.edu,Male,140.174.27.225
523,Jody,Swadon,jswadonei@newsvine.com,Male,246.14.93.233
524,Korney,Yallowley,kyallowleyej@infoseek.co.jp,Female,128.249.218.126
525,Barth,Jarley,bjarleyek@netvibes.com,Male,138.47.114.206
526,Dione,Rolingson,drolingsonel@purevolume.com,Female,137.125.83.223
527,Lyndell,Wheatley,lwheatleyem@slashdot.org,Female,35.165.45.197
528,Emalia,Batrim,ebatrimen@wikipedia.org,Female,205.182.83.84
529,Chrisse,Rae,craeeo@google.com,Male,37.109.131.54
530,Sandra,Bussetti,sbussettiep@free.fr,Female,111.14.33.212
531,Oates,De La Cote,odelacoteeq@bing.com,Male,185.106.178.10
532,Cathie,Cammis,ccammiser@w3.org,Female,179.70.255.247
533,Ned,Osman,nosmanes@deliciousdays.com,Male,46.189.166.13
534,Broddy,Vasyutichev,bvasyutichevet@nbcnews.com,Male,104.242.32.146
535,Sisely,Attril,sattrileu@sitemeter.com,Female,127.188.209.140
536,Hamlen,Ewings,hewingsev@photobucket.com,Male,103.221.140.77
537,Rayner,Goly,rgolyew@facebook.com,Male,8.10.109.34
538,Chrotoem,Peal,cpealex@nydailynews.com,Male,206.0.137.115
539,Fraze,Delmonti,fdelmontiey@domainmarket.com,Male,127.42.42.242
540,Reggis,Lewzey,rlewzeyez@over-blog.com,Male,237.49.52.93
541,Nicolea,Arington,naringtonf0@usnews.com,Female,73.14.82.104
542,Raffarty,Grote,rgrotef1@indiegogo.com,Male,77.169.19.177
543,Zacherie,Upham,zuphamf2@yale.edu,Male,219.192.56.247
544,Ulises,Fingleton,ufingletonf3@epa.gov,Male,166.135.91.75
545,Wanda,Jeffress,wjeffressf4@comcast.net,Female,201.90.188.38
546,Yule,Cartmail,ycartmailf5@etsy.com,Male,101.253.156.221
547,Jaymie,Widdup,jwiddupf6@list-manage.com,Male,46.173.94.75
548,Jan,Killough,jkilloughf7@icio.us,Male,72.245.81.216
549,Emilee,Purrier,epurrierf8@businessweek.com,Female,143.195.159.166
550,Rawley,Saywell,rsaywellf9@google.com.br,Male,117.115.148.141
551,Noreen,Yarnold,nyarnoldfa@gnu.org,Female,88.86.173.37
552,Lockwood,Cosley,lcosleyfb@telegraph.co.uk,Male,113.54.70.3
553,Sharity,Akram,sakramfc@sogou.com,Female,5.162.10.24
554,Antoine,Petchey,apetcheyfd@networksolutions.com,Male,15.108.177.167
555,Siffre,Leas,sleasfe@alexa.com,Male,223.88.61.199
556,Garrek,Dugan,gduganff@parallels.com,Male,97.247.8.79
557,Yelena,Revett,yrevettfg@weibo.com,Female,29.17.229.199
558,Meta,Prene,mprenefh@hibu.com,Female,96.143.33.118
559,Marielle,Suarez,msuarezfi@yellowpages.com,Female,253.117.6.46
560,Constancy,Drohun,cdrohunfj@addthis.com,Female,81.145.233.7
561,Rebekah,Isacq,risacqfk@alexa.com,Female,244.5.168.241
562,Ellwood,Farrans,efarransfl@cyberchimps.com,Male,81.139.192.64
563,Lucius,Putten,lputtenfm@meetup.com,Male,166.134.24.120
564,Sherwin,Palmar,spalmarfn@ted.com,Male,1.144.70.25
565,Oralla,McVitie,omcvitiefo@seesaa.net,Female,152.237.88.29
566,Stacey,Kitt,skittfp@apache.org,Female,11.210.144.28
567,Evanne,Robelin,erobelinfq@wired.com,Female,92.163.232.63
568,Perry,Denerley,pdenerleyfr@arstechnica.com,Male,240.65.121.244
569,Stewart,Albrooke,salbrookefs@feedburner.com,Male,199.120.213.204
570,Melamie,Geering,mgeeringft@fastcompany.com,Female,249.45.150.80
571,Nikolas,Errigo,nerrigofu@ow.ly,Male,231.5.97.88
572,Hendrik,Bruntjen,hbruntjenfv@theatlantic.com,Male,193.198.251.8
573,Keven,Runnett,krunnettfw@free.fr,Male,174.205.254.250
574,Francoise,Dowell,fdowellfx@360.cn,Female,65.28.78.61
575,Alisun,Vanne,avannefy@economist.com,Female,94.202.252.106
576,Rea,Cauldfield,rcauldfieldfz@symantec.com,Female,109.168.44.165
577,Genny,Bloomer,gbloomerg0@163.com,Female,51.110.159.200
578,Waylen,Kennedy,wkennedyg1@netscape.com,Male,249.213.42.246
579,Miles,MacIlraith,mmacilraithg2@paginegialle.it,Male,198.102.222.103
580,Janek,Olyet,jolyetg3@nature.com,Male,4.61.51.126
581,Wyn,Hinkes,whinkesg4@hud.gov,Male,161.184.62.235
582,Mariana,Twell,mtwellg5@arstechnica.com,Female,166.227.171.231
583,Yetty,Gillmore,ygillmoreg6@multiply.com,Female,200.151.218.63
584,Michele,Robbel,mrobbelg7@youku.com,Male,178.166.208.218
585,Hilda,Pidgen,hpidgeng8@statcounter.com,Female,32.199.237.25
586,Blanche,Teck,bteckg9@about.me,Female,78.146.179.125
587,Lek,Halt,lhaltga@yale.edu,Male,162.231.254.241
588,Angelle,Larwell,alarwellgb@vk.com,Female,203.215.102.174
589,Calvin,Flewett,cflewettgc@nih.gov,Male,215.75.205.148
590,Murial,Crowdson,mcrowdsongd@google.co.jp,Female,49.252.208.109
591,Madella,Ivanuschka,mivanuschkage@mysql.com,Female,170.24.246.85
592,Lorens,Mostyn,lmostyngf@liveinternet.ru,Male,62.59.149.90
593,Samuele,Fowlie,sfowliegg@digg.com,Male,141.84.124.206
594,Doll,Durdle,ddurdlegh@cisco.com,Female,50.207.47.81
595,Alfie,Bezzant,abezzantgi@ucoz.com,Male,119.27.255.230
596,Kakalina,Jessep,kjessepgj@angelfire.com,Female,58.97.231.227
597,Dinny,Faull,dfaullgk@hp.com,Female,171.60.254.195
598,Allis,Buxsey,abuxseygl@apple.com,Female,121.143.58.66
599,Maggy,Briars,mbriarsgm@github.io,Female,203.127.93.134
600,Candis,Peal,cpealgn@surveymonkey.com,Female,20.114.27.15
601,Jody,De Ruggiero,jderuggierogo@clickbank.net,Female,3.198.182.89
602,Padriac,Simester,psimestergp@miitbeian.gov.cn,Male,91.245.182.134
603,Stanwood,Huckel,shuckelgq@drupal.org,Male,233.106.164.1
604,Rosabel,Magarrell,rmagarrellgr@bing.com,Female,73.128.21.86
605,Silvano,McKim,smckimgs@wikia.com,Male,2.130.218.160
606,Lin,Guerreau,lguerreaugt@samsung.com,Female,74.166.120.151
607,Charil,Gatecliff,cgatecliffgu@myspace.com,Female,86.71.35.201
608,Jake,Stood,jstoodgv@discuz.net,Male,193.144.240.92
609,Charil,Kneale,cknealegw@dell.com,Female,183.34.172.215
610,Glen,Dirkin,gdirkingx@simplemachines.org,Female,206.76.229.103
611,Trey,Warsop,twarsopgy@microsoft.com,Male,154.170.22.153
612,Dru,Butte,dbuttegz@yelp.com,Male,78.175.116.121
613,Danyette,Antognozzii,dantognozziih0@cafepress.com,Female,182.233.80.35
614,Norbie,Farnish,nfarnishh1@amazon.com,Male,182.80.54.109
615,Giulia,Olohan,golohanh2@sfgate.com,Female,164.74.142.186
616,Clemmie,Hixley,chixleyh3@liveinternet.ru,Female,222.145.197.69
617,Kristian,Penning,kpenningh4@topsy.com,Male,16.100.146.4
618,Lynne,Fessions,lfessionsh5@buzzfeed.com,Female,126.152.40.70
619,Freddi,Mayor,fmayorh6@t.co,Female,238.241.67.62
620,Archibold,Grinikhinov,agrinikhinovh7@smugmug.com,Male,236.217.81.15
621,Darn,Lipp,dlipph8@mediafire.com,Male,12.78.206.122
622,Tish,Reyne,treyneh9@yelp.com,Female,6.184.21.159
623,Barbi,Heathcoat,bheathcoatha@simplemachines.org,Female,68.58.119.16
624,Elset,De Mattei,edematteihb@engadget.com,Female,227.113.241.48
625,Shalna,Bydaway,sbydawayhc@census.gov,Female,233.124.1.80
626,Laurens,McGeaney,lmcgeaneyhd@ed.gov,Male,141.202.22.158
627,Glory,Haley,ghaleyhe@bloomberg.com,Female,81.92.92.218
628,Jermayne,Andree,jandreehf@opera.com,Male,209.177.19.250
629,Jacquenette,Clemintoni,jclemintonihg@list-manage.com,Female,238.217.63.137
630,Matthus,MacKowle,mmackowlehh@pcworld.com,Male,95.120.52.59
631,Ronni,Mishow,rmishowhi@tumblr.com,Female,226.0.240.163
632,Nataniel,Ravel,nravelhj@simplemachines.org,Male,18.106.206.140
633,Liesa,Lively,llivelyhk@example.com,Female,34.112.42.13
634,Rob,Keelin,rkeelinhl@yale.edu,Male,1.50.201.60
635,Marj,Giottoi,mgiottoihm@nbcnews.com,Female,134.233.30.49
636,My,Coldman,mcoldmanhn@unicef.org,Male,4.195.217.165
637,Fields,Issacoff,fissacoffho@sakura.ne.jp,Male,26.120.7.171
638,Harris,Stilwell,hstilwellhp@issuu.com,Male,8.228.226.79
639,Toma,Trusler,ttruslerhq@miibeian.gov.cn,Female,205.192.108.193
640,Guillemette,Salzberger,gsalzbergerhr@businessweek.com,Female,236.33.225.248
641,Sol,Southern,ssouthernhs@discuz.net,Male,180.79.207.102
642,Zonnya,Janway,zjanwayht@tinyurl.com,Female,183.29.111.39
643,Finlay,Ilyinski,filyinskihu@msu.edu,Male,163.146.215.249
644,Zilvia,McKernan,zmckernanhv@ed.gov,Female,175.120.227.241
645,Lyn,MacCook,lmaccookhw@xrea.com,Male,251.29.217.85
646,Tomasina,Roglieri,troglierihx@shareasale.com,Female,54.217.236.125
647,Lyndy,Grimes,lgrimeshy@oakley.com,Female,176.10.128.2
648,Adrian,Dorrins,adorrinshz@wikispaces.com,Male,212.123.49.163
649,Barbara-anne,Christophersen,bchristopherseni0@nifty.com,Female,38.171.124.239
650,Thatch,Blackie,tblackiei1@about.me,Male,217.153.106.124
651,Guido,Ribbens,gribbensi2@indiegogo.com,Male,31.230.145.28
652,Valentine,Levesque,vlevesquei3@fastcompany.com,Female,69.243.195.145
653,Shannan,Pinor,spinori4@salon.com,Male,212.194.152.87
654,Almeda,Christaeas,achristaeasi5@house.gov,Female,41.210.0.253
655,Obed,Acres,oacresi6@amazon.co.jp,Male,214.237.172.71
656,Forest,Esmond,fesmondi7@shinystat.com,Male,124.151.181.215
657,Tedmund,Stoffer,tstofferi8@altervista.org,Male,125.131.214.250
658,Cammy,Doniso,cdonisoi9@dedecms.com,Female,123.255.105.2
659,Lidia,Spink,lspinkia@discuz.net,Female,51.240.111.227
660,Arlee,Philippsohn,aphilippsohnib@live.com,Female,92.181.51.252
661,Lisa,Mulliss,lmullissic@npr.org,Female,221.113.142.109
662,Tiffie,Daye,tdayeid@wp.com,Female,0.191.183.204
663,Valaria,Ondrich,vondrichie@nba.com,Female,174.175.59.85
664,Sherlocke,Blanshard,sblanshardif@ft.com,Male,93.213.222.43
665,Natty,Riddel,nriddelig@webmd.com,Female,219.26.234.192
666,Trina,Friett,tfriettih@princeton.edu,Female,112.37.91.166
667,Dew,Thrower,dthrowerii@ca.gov,Male,251.214.217.0
668,Rooney,Wonfar,rwonfarij@telegraph.co.uk,Male,240.45.104.81
669,Claus,McGavigan,cmcgaviganik@mapquest.com,Male,188.30.153.46
670,Tedra,Bilam,tbilamil@amazonaws.com,Female,94.50.58.113
671,Alexine,Teare,ateareim@netvibes.com,Female,65.28.96.128
672,Korie,Kingzet,kkingzetin@youtu.be,Female,181.251.109.169
673,Quintus,Scare,qscareio@homestead.com,Male,196.229.255.105
674,Reinald,Andriolli,randriolliip@tripod.com,Male,141.35.146.0
675,Sanders,Pinnere,spinnereiq@t.co,Male,90.63.85.128
676,Jobie,Good,jgoodir@networkadvertising.org,Female,187.249.69.70
677,Sibley,Gleader,sgleaderis@instagram.com,Female,131.243.239.31
678,Maureene,Rotchell,mrotchellit@usa.gov,Female,92.161.174.24
679,Sapphire,Bertomier,sbertomieriu@sciencedirect.com,Female,208.181.84.129
680,Ignaz,Tack,itackiv@skyrock.com,Male,127.250.1.89
681,Casandra,Olivetta,colivettaiw@elegantthemes.com,Female,158.218.230.146
682,Mikol,Futty,mfuttyix@yolasite.com,Male,13.225.103.150
683,Murielle,Cellone,mcelloneiy@photobucket.com,Female,102.134.77.151
684,Angelika,Olford,aolfordiz@sfgate.com,Female,245.211.218.214
685,Page,Slarke,pslarkej0@imageshack.us,Female,63.40.89.7
686,Cicely,Pateman,cpatemanj1@facebook.com,Female,115.76.10.199
687,Cecilio,Flett,cflettj2@yandex.ru,Male,11.114.213.218
688,Ramon,Phythian,rphythianj3@quantcast.com,Male,88.97.101.46
689,Karlen,Getley,kgetleyj4@nytimes.com,Female,41.230.126.245
690,Elfrieda,Oby,eobyj5@google.pl,Female,73.132.146.196
691,Myrwyn,Fincham,mfinchamj6@macromedia.com,Male,90.42.241.74
692,Brynn,Beaumont,bbeaumontj7@php.net,Female,201.187.126.71
693,Reeva,Gino,rginoj8@homestead.com,Female,135.205.170.21
694,Emerson,Scopham,escophamj9@amazon.de,Male,87.173.161.24
695,Anabella,Franceschielli,afranceschiellija@cpanel.net,Female,237.150.94.49
696,Arvin,Cordell,acordelljb@hubpages.com,Male,214.197.61.230
697,Saree,Malloy,smalloyjc@cyberchimps.com,Female,145.64.214.152
698,Tomkin,Krystof,tkrystofjd@buzzfeed.com,Male,30.115.211.55
699,Ulrick,Haney,uhaneyje@home.pl,Male,26.25.143.18
700,Maire,Ferrettino,mferrettinojf@cloudflare.com,Female,188.196.227.89
701,Ezequiel,MacKeeg,emackeegjg@imdb.com,Male,193.213.121.231
702,Ranee,Moorman,rmoormanjh@lulu.com,Female,214.159.203.197
703,Everett,Schuchmacher,eschuchmacherji@weebly.com,Male,110.171.213.219
704,Kiley,Olver,kolverjj@themeforest.net,Male,125.238.29.251
705,Derwin,Pantlin,dpantlinjk@yellowbook.com,Male,141.146.202.138
706,Kerry,Ritmeier,kritmeierjl@virginia.edu,Female,174.140.167.167
707,Mariya,Sibly,msiblyjm@loc.gov,Female,187.243.66.53
708,Bride,Murdie,bmurdiejn@wsj.com,Female,146.185.144.50
709,Page,Sneezum,psneezumjo@prlog.org,Male,141.11.98.207
710,Luca,Treace,ltreacejp@china.com.cn,Male,103.244.92.149
711,Halsey,Kunat,hkunatjq@go.com,Male,15.11.133.144
712,Annadiane,Corr,acorrjr@howstuffworks.com,Female,240.145.174.220
713,Aloysia,Dodgson,adodgsonjs@ocn.ne.jp,Female,58.105.120.173
714,Appolonia,Maiklem,amaiklemjt@ed.gov,Female,94.204.182.144
715,Jackie,O'Clery,jocleryju@theglobeandmail.com,Male,80.176.193.52
716,Holly-anne,Spracklin,hspracklinjv@printfriendly.com,Female,51.133.168.41
717,Addia,Thor,athorjw@guardian.co.uk,Female,199.30.38.142
718,Lucho,Blemen,lblemenjx@creativecommons.org,Male,146.213.119.232
719,Sherwynd,Geale,sgealejy@timesonline.co.uk,Male,166.223.98.40
720,Cesare,Barkus,cbarkusjz@admin.ch,Male,7.29.131.54
721,Crissie,Sherewood,csherewoodk0@usatoday.com,Female,190.179.6.248
722,Julia,Bridgman,jbridgmank1@surveymonkey.com,Female,154.70.251.109
723,Fanchon,Kefford,fkeffordk2@google.it,Female,189.105.95.143
724,Towney,Guerriero,tguerrierok3@netscape.com,Male,178.200.183.195
725,Guillemette,Mintoff,gmintoffk4@auda.org.au,Female,188.156.36.187
726,Natalina,Mariot,nmariotk5@epa.gov,Female,44.19.50.225
727,Kimberli,Elfleet,kelfleetk6@latimes.com,Female,9.154.168.182
728,Bing,Pitkin,bpitkink7@wordpress.org,Male,0.96.238.140
729,Lulu,Spandley,lspandleyk8@ft.com,Female,249.15.27.80
730,Sigfried,Getley,sgetleyk9@google.co.jp,Male,18.114.191.173
731,Aldous,Barratt,abarrattka@si.edu,Male,110.22.152.197
732,Gannie,Bonome,gbonomekb@mapy.cz,Male,130.230.201.28
733,Mortimer,Gobeaux,mgobeauxkc@photobucket.com,Male,253.99.83.78
734,Eimile,Lafferty,elaffertykd@homestead.com,Female,165.0.18.195
735,Creight,Dryburgh,cdryburghke@hao123.com,Male,250.213.10.12
736,Brittany,Reilly,breillykf@jalbum.net,Female,10.68.132.212
737,Adolph,MacDaid,amacdaidkg@discovery.com,Male,117.100.88.116
738,Annabel,Matthisson,amatthissonkh@cpanel.net,Female,164.178.223.2
739,Neddie,Fabry,nfabryki@nbcnews.com,Male,230.111.45.123
740,Ardeen,Gurery,agurerykj@un.org,Female,83.163.3.183
741,Granville,Broseman,gbrosemankk@cornell.edu,Male,137.153.71.88
742,Sydney,Filippone,sfilipponekl@theatlantic.com,Female,68.146.143.17
743,Ozzy,Cullen,ocullenkm@stanford.edu,Male,250.134.171.153
744,Lilias,Oneile,loneilekn@w3.org,Female,251.26.106.34
745,Rouvin,Borgesio,rborgesioko@dion.ne.jp,Male,197.20.218.21
746,Mitchell,Doulden,mdouldenkp@cdbaby.com,Male,29.173.35.108
747,Krista,De Michele,kdemichelekq@paginegialle.it,Female,122.148.5.36
748,Marys,Jillings,mjillingskr@diigo.com,Female,254.249.145.100
749,Kenyon,Klauber,kklauberks@i2i.jp,Male,109.4.189.98
750,James,O'Corrane,jocorranekt@umn.edu,Male,40.180.214.74
751,Kelbee,Hutcheon,khutcheonku@huffingtonpost.com,Male,155.80.155.235
752,Egbert,Armatage,earmatagekv@statcounter.com,Male,121.138.241.138
753,Parnell,Presshaugh,ppresshaughkw@a8.net,Male,115.210.93.210
754,Kasper,Carley,kcarleykx@hatena.ne.jp,Male,239.211.122.193
755,Demeter,Hovey,dhoveyky@wix.com,Female,198.92.17.197
756,Jarid,Guisby,jguisbykz@paginegialle.it,Male,83.110.71.162
757,Tuck,Baistow,tbaistowl0@php.net,Male,168.27.214.117
758,Reese,Sparkwill,rsparkwilll1@go.com,Male,245.39.96.248
759,Avie,Crimpe,acrimpel2@ovh.net,Female,247.32.54.190
760,Minnnie,Sellan,msellanl3@tinypic.com,Female,82.77.141.97
761,Kenton,Prantoni,kprantonil4@prlog.org,Male,120.57.88.59
762,Maurits,Longland,mlonglandl5@miibeian.gov.cn,Male,245.183.12.170
763,Ginelle,Slarke,gslarkel6@paypal.com,Female,201.238.22.13
764,Aila,Brugh,abrughl7@surveymonkey.com,Female,234.80.204.218
765,Cirstoforo,Petruska,cpetruskal8@cbsnews.com,Male,151.29.107.38
766,Catie,Kingett,ckingettl9@csmonitor.com,Female,248.237.179.11
767,Tannie,Swannell,tswannellla@cnet.com,Male,27.53.207.17
768,Kristos,Woodham,kwoodhamlb@drupal.org,Male,71.82.54.5
769,Ches,Purseglove,cpurseglovelc@google.nl,Male,61.217.171.33
770,Ezekiel,Goodlip,egoodlipld@netvibes.com,Male,250.157.183.121
771,Heath,Coles,hcolesle@globo.com,Male,99.70.75.146
772,Farah,Whitchurch,fwhitchurchlf@tripod.com,Female,152.194.70.234
773,Gibbie,Longcake,glongcakelg@geocities.jp,Male,174.177.61.186
774,Jayson,Waring,jwaringlh@stanford.edu,Male,194.76.168.228
775,Rooney,Spofford,rspoffordli@purevolume.com,Male,226.217.10.11
776,Martynne,Pauleit,mpauleitlj@ebay.co.uk,Female,4.23.163.101
777,Cazzie,Franciottoi,cfranciottoilk@ehow.com,Male,174.3.3.12
778,Kelby,Wayon,kwayonll@cbsnews.com,Male,225.32.112.20
779,Verena,Grafton,vgraftonlm@edublogs.org,Female,135.28.208.74
780,Dav,Di Pietro,ddipietroln@msn.com,Male,31.23.105.47
781,Minette,Bannister,mbannisterlo@reuters.com,Female,118.188.113.204
782,Virge,Tremmil,vtremmillp@adobe.com,Male,123.195.101.72
783,Emlynn,Nice,enicelq@scientificamerican.com,Female,7.235.161.162
784,Sharity,Moulden,smouldenlr@amazon.co.jp,Female,125.208.196.79
785,Sibley,Salmon,ssalmonls@unblog.fr,Female,79.134.76.164
786,Willey,Bilton,wbiltonlt@twitter.com,Male,54.154.6.157
787,Konstanze,Forrington,kforringtonlu@netlog.com,Female,255.253.166.112
788,Minerva,Carnier,mcarnierlv@paginegialle.it,Female,167.195.5.15
789,Kathlin,Aslett,kaslettlw@vimeo.com,Female,176.26.20.15
790,Fletcher,Kramer,fkramerlx@artisteer.com,Male,121.109.179.59
791,Zorana,Pigny,zpignyly@free.fr,Female,86.81.96.224
792,Normie,Dumbar,ndumbarlz@biblegateway.com,Male,110.42.110.219
793,Minetta,Boulden,mbouldenm0@symantec.com,Female,58.84.94.170
794,Thaine,Flippen,tflippenm1@pcworld.com,Male,210.0.70.59
795,Kippar,Matthewson,kmatthewsonm2@linkedin.com,Male,121.248.102.171
796,Elsa,Hurdwell,ehurdwellm3@addthis.com,Female,112.137.213.128
797,Chickie,Bluschke,cbluschkem4@virginia.edu,Male,69.15.111.191
798,Derick,Claus,dclausm5@typepad.com,Male,70.195.165.37
799,Laurie,Torrecilla,ltorrecillam6@exblog.jp,Female,49.38.170.252
800,Antoinette,Essame,aessamem7@amazon.co.uk,Female,129.99.198.185
801,Mano,Patching,mpatchingm8@soup.io,Male,175.105.153.239
802,Maritsa,O'Glessane,moglessanem9@reference.com,Female,231.82.216.32
803,Giraud,Strattan,gstrattanma@hugedomains.com,Male,179.84.57.182
804,Darda,Benson,dbensonmb@digg.com,Female,214.199.249.8
805,Michaela,Few,mfewmc@wiley.com,Female,15.116.188.227
806,Nye,Keggins,nkegginsmd@jugem.jp,Male,93.91.234.130
807,Robinet,Woolstenholmes,rwoolstenholmesme@netvibes.com,Male,72.126.231.143
808,Sandy,MacKegg,smackeggmf@unblog.fr,Male,120.89.134.163
809,Jory,Argue,jarguemg@ocn.ne.jp,Male,219.15.103.91
810,Nance,Birkmyr,nbirkmyrmh@umich.edu,Female,18.232.251.117
811,Davey,Aylott,daylottmi@springer.com,Male,96.239.8.204
812,Tabb,Breslane,tbreslanemj@wikimedia.org,Male,114.43.107.76
813,Miof mela,Sautter,msauttermk@bing.com,Female,233.35.28.104
814,Sibylle,Kenion,skenionml@bloglines.com,Female,97.142.64.81
815,Mead,Guiness,mguinessmm@usgs.gov,Male,209.198.95.250
816,Shelley,Garrold,sgarroldmn@xrea.com,Female,229.65.196.100
817,Philippa,Greschke,pgreschkemo@printfriendly.com,Female,52.142.51.204
818,Conrado,Quarles,cquarlesmp@cafepress.com,Male,145.53.164.223
819,Fernando,Bastone,fbastonemq@google.com.hk,Male,244.58.155.220
820,Catarina,Gateland,cgatelandmr@bigcartel.com,Female,111.136.172.211
821,Hildagard,Strang,hstrangms@chronoengine.com,Female,59.79.229.90
822,Yard,Leeburne,yleeburnemt@shinystat.com,Male,216.202.244.118
823,Iago,Trevna,itrevnamu@tiny.cc,Male,52.114.181.101
824,Kaiser,Tomaszczyk,ktomaszczykmv@wiley.com,Male,50.236.219.11
825,Cornelius,Plaid,cplaidmw@simplemachines.org,Male,145.123.116.66
826,Mathias,Kearney,mkearneymx@w3.org,Male,140.29.96.70
827,Aile,Thor,athormy@shinystat.com,Female,28.52.59.129
828,Alica,Medd,ameddmz@google.it,Female,195.210.251.253
829,Jess,Varga,jvargan0@npr.org,Female,172.9.103.242
830,Eloisa,Tonsley,etonsleyn1@umn.edu,Female,32.210.12.140
831,Dewitt,Sinott,dsinottn2@china.com.cn,Male,133.255.194.137
832,Wildon,Humpherston,whumpherstonn3@cam.ac.uk,Male,231.78.127.146
833,Kat,Ajean,kajeann4@weather.com,Female,226.27.164.156
834,Monica,Mamwell,mmamwelln5@aboutads.info,Female,63.80.239.65
835,Ryley,Rawet,rrawetn6@de.vu,Male,112.153.171.45
836,Preston,Raymen,praymenn7@blogs.com,Male,198.86.241.216
837,Milicent,Wass,mwassn8@exblog.jp,Female,198.186.122.199
838,Margo,Treace,mtreacen9@huffingtonpost.com,Female,140.254.126.100
839,Sophey,Occleshaw,soccleshawna@dell.com,Female,230.248.241.137
840,Olly,Newlove,onewlovenb@webmd.com,Male,70.31.76.32
841,Indira,Nosworthy,inosworthync@paypal.com,Female,73.167.233.115
842,Beckie,Rosenfelt,brosenfeltnd@soundcloud.com,Female,52.39.100.181
843,Brigitte,Manville,bmanvillene@chron.com,Female,49.36.102.30
844,Perri,Gilley,pgilleynf@artisteer.com,Female,241.236.76.3
845,Erl,Fearns,efearnsng@mail.ru,Male,175.244.94.120
846,Udell,Daysh,udayshnh@hp.com,Male,64.167.94.43
847,Dru,Fayne,dfayneni@addthis.com,Female,231.90.186.81
848,Chrissy,Adamski,cadamskinj@google.pl,Male,234.168.45.59
849,Caryl,Wildbore,cwildborenk@nhs.uk,Male,88.10.183.196
850,Bobinette,Kausche,bkauschenl@nifty.com,Female,159.154.34.191
851,Edvard,Guidera,eguideranm@chron.com,Male,121.100.40.2
852,Carlina,Bette,cbettenn@tripadvisor.com,Female,217.146.48.219
853,Ario,Iredell,airedellno@statcounter.com,Male,181.148.2.186
854,Sibby,Whitemarsh,swhitemarshnp@cisco.com,Female,199.102.179.153
855,Edwin,Maldin,emaldinnq@google.ru,Male,244.250.212.141
856,Aurelea,Frowde,afrowdenr@aol.com,Female,92.62.31.105
857,Claire,Dunbobin,cdunbobinns@tripod.com,Male,191.118.197.181
858,Linn,Battison,lbattisonnt@zdnet.com,Male,13.130.189.250
859,Mathilde,Torre,mtorrenu@rakuten.co.jp,Female,124.20.176.81
860,Tucker,Torrecilla,ttorrecillanv@oaic.gov.au,Male,121.225.220.9
861,Lawrence,Lukins,llukinsnw@chron.com,Male,192.43.20.66
862,Roma,Cornes,rcornesnx@deliciousdays.com,Male,27.103.218.199
863,Yasmeen,Suddell,ysuddellny@eepurl.com,Female,91.46.129.14
864,Erich,Trotton,etrottonnz@fema.gov,Male,72.120.135.139
865,Matthieu,Dummer,mdummero0@bbc.co.uk,Male,54.237.165.11
866,Law,Sonschein,lsonscheino1@newyorker.com,Male,84.162.50.121
867,Hillery,Pickrill,hpickrillo2@redcross.org,Male,104.175.195.87
868,Vida,Gerdts,vgerdtso3@usda.gov,Female,55.100.34.156
869,Merci,Shills,mshillso4@paypal.com,Female,204.211.155.105
870,Gerti,Roelofs,groelofso5@freewebs.com,Female,140.90.26.18
871,Bron,Gowthorpe,bgowthorpeo6@seattletimes.com,Male,171.128.211.79
872,Serge,Stoving,sstovingo7@slashdot.org,Male,31.56.241.173
873,Con,MacQuarrie,cmacquarrieo8@godaddy.com,Female,63.175.232.195
874,Eleanora,Westrey,ewestreyo9@sohu.com,Female,223.63.10.215
875,Griffin,McGorman,gmcgormanoa@chronoengine.com,Male,215.143.213.66
876,Corinna,Goodred,cgoodredob@livejournal.com,Female,133.194.126.111
877,Wanda,De Blasio,wdeblasiooc@symantec.com,Female,236.31.80.2
878,Rita,MacPake,rmacpakeod@wunderground.com,Female,184.130.125.175
879,Brandise,Yakovich,byakovichoe@omniture.com,Female,61.134.36.47
880,Garey,Daviot,gdaviotof@patch.com,Male,142.84.194.115
881,Leonardo,Kedge,lkedgeog@google.de,Male,192.161.142.160
882,Torry,Coppins,tcoppinsoh@rambler.ru,Male,28.95.151.107
883,Fraser,Flaxon,fflaxonoi@xing.com,Male,57.246.162.70
884,Leland,Mossdale,lmossdaleoj@google.it,Male,236.211.28.233
885,Mariska,MacDonagh,mmacdonaghok@51.la,Female,197.110.233.153
886,Ingmar,Shekle,ishekleol@flickr.com,Male,242.91.93.151
887,Elvis,Flitcroft,eflitcroftom@cyberchimps.com,Male,137.145.97.253
888,Dermot,Sherrin,dsherrinon@topsy.com,Male,205.128.33.101
889,Mathian,Grabb,mgrabboo@epa.gov,Male,135.194.83.25
890,Woodman,Sherbrooke,wsherbrookeop@globo.com,Male,222.3.71.153
891,Gorden,Keward,gkewardoq@aol.com,Male,209.133.35.15
892,Biddy,Gravenall,bgravenallor@springer.com,Female,122.224.72.180
893,Joseph,Maguire,jmaguireos@globo.com,Male,90.242.201.67
894,Noelani,Royan,nroyanot@a8.net,Female,4.0.51.159
895,Doll,Ayree,dayreeou@gnu.org,Female,159.133.204.144
896,Marshal,Shubotham,mshubothamov@sourceforge.net,Male,252.153.223.95
897,Quentin,Rachuig,qrachuigow@eventbrite.com,Male,208.11.132.28
898,Tara,Lukes,tlukesox@list-manage.com,Female,33.237.168.176
899,Eugenie,Parmer,eparmeroy@dmoz.org,Female,78.180.113.197
900,Alejandra,Bassill,abassilloz@moonfruit.com,Female,196.84.48.0
901,Florri,Scutt,fscuttp0@nymag.com,Female,6.231.88.105
902,Ives,Janowski,ijanowskip1@mysql.com,Male,45.193.221.59
903,Nelson,Endrizzi,nendrizzip2@arizona.edu,Male,82.96.176.57
904,Tammara,Stobie,tstobiep3@scientificamerican.com,Female,7.113.54.217
905,Tillie,De Bruijne,tdebruijnep4@springer.com,Female,54.221.169.69
906,Teodoor,McGann,tmcgannp5@ucsd.edu,Male,75.29.153.66
907,Roi,Tyce,rtycep6@ca.gov,Male,221.246.118.20
908,Boote,Course,bcoursep7@hc360.com,Male,24.65.57.24
909,Stacy,Hinchshaw,shinchshawp8@miibeian.gov.cn,Female,137.50.201.39
910,Leeland,Joplin,ljoplinp9@1688.com,Male,159.27.188.131
911,Herold,Craker,hcrakerpa@sohu.com,Male,102.92.205.187
912,Jaquelin,Challen,jchallenpb@yale.edu,Female,166.227.170.139
913,Dominick,Gaukroger,dgaukrogerpc@ocn.ne.jp,Male,239.26.212.40
914,Rossy,Sneden,rsnedenpd@businesswire.com,Male,61.152.226.184
915,Debbi,Dunnico,ddunnicope@yellowpages.com,Female,93.90.9.177
916,Scotti,Shirlaw,sshirlawpf@timesonline.co.uk,Male,14.228.210.173
917,Tomaso,Beausang,tbeausangpg@shareasale.com,Male,119.207.160.240
918,Carley,Mullender,cmullenderph@mac.com,Female,97.65.91.185
919,Malissa,Josephi,mjosephipi@pcworld.com,Female,1.173.125.195
920,Marilyn,McGinnis,mmcginnispj@zdnet.com,Female,113.172.199.213
921,Lewie,Scrammage,lscrammagepk@time.com,Male,131.185.212.27
922,Aimil,Corkhill,acorkhillpl@jugem.jp,Female,47.107.160.53
923,Tim,Lindermann,tlindermannpm@dyndns.org,Male,157.65.112.43
924,Floria,Nern,fnernpn@xing.com,Female,237.172.48.238
925,Demetris,Gillion,dgillionpo@google.com,Male,217.174.45.102
926,Eada,Gullan,egullanpp@sina.com.cn,Female,109.134.105.160
927,Matty,Costerd,mcosterdpq@yandex.ru,Female,101.74.50.15
928,Denna,Castanos,dcastanospr@samsung.com,Female,98.201.149.237
929,Tull,Cutler,tcutlerps@google.es,Male,34.194.212.59
930,Odessa,Tinkham,otinkhampt@hibu.com,Female,211.200.106.43
931,Artemus,Hellyer,ahellyerpu@cnbc.com,Male,212.135.128.46
932,Morgan,Eastcott,meastcottpv@cornell.edu,Male,87.58.152.214
933,Farlie,Yeats,fyeatspw@hp.com,Male,4.62.62.234
934,Dawn,Ratnage,dratnagepx@storify.com,Female,149.66.34.20
935,Doll,Heelis,dheelispy@tinyurl.com,Female,156.45.114.41
936,Jewelle,Prentice,jprenticepz@mayoclinic.com,Female,222.187.165.0
937,Shalne,Pimlock,spimlockq0@github.io,Female,151.91.67.64
938,Brendon,Stickland,bsticklandq1@squidoo.com,Male,1.152.82.100
939,Poppy,Turban,pturbanq2@ed.gov,Female,187.177.214.192
940,Agata,Halkyard,ahalkyardq3@virginia.edu,Female,186.59.181.228
941,Alfonso,Chislett,achislettq4@bravesites.com,Male,21.211.66.166
942,Averil,Orht,aorhtq5@tmall.com,Female,152.167.162.127
943,Loree,Pierrepoint,lpierrepointq6@google.ca,Female,69.172.202.230
944,Bette,Holbury,bholburyq7@cloudflare.com,Female,25.162.226.147
945,Huey,Medgewick,hmedgewickq8@jigsy.com,Male,188.193.217.94
946,Liane,Brecher,lbrecherq9@engadget.com,Female,56.43.8.124
947,Heather,Issatt,hissattqa@craigslist.org,Female,178.151.248.176
948,Emmaline,Yggo,eyggoqb@deliciousdays.com,Female,102.189.205.47
949,Mindy,Winterborne,mwinterborneqc@mashable.com,Female,231.191.52.169
950,Conny,Petran,cpetranqd@skype.com,Male,181.15.178.206
951,Mala,Waples,mwaplesqe@webnode.com,Female,168.191.86.236
952,Preston,Mathwen,pmathwenqf@netlog.com,Male,178.231.226.158
953,Nanette,Curtayne,ncurtayneqg@ucsd.edu,Female,71.144.9.113
954,Pascale,Santon,psantonqh@addthis.com,Male,107.255.154.96
955,Bea,Slad,bsladqi@latimes.com,Female,224.69.201.249
956,Fredra,Whitlaw,fwhitlawqj@typepad.com,Female,14.84.131.193
957,Parke,Reditt,predittqk@prlog.org,Male,218.210.153.103
958,Aldon,Oakly,aoaklyql@google.co.uk,Male,236.117.50.133
959,Rowen,Pechell,rpechellqm@hhs.gov,Male,212.38.79.29
960,Mile,Fryman,mfrymanqn@symantec.com,Male,120.173.73.3
961,Mayne,Duquesnay,mduquesnayqo@indiatimes.com,Male,57.157.3.46
962,Lela,Oulner,loulnerqp@uol.com.br,Female,58.218.91.178
963,Roland,Handaside,rhandasideqq@networksolutions.com,Male,138.214.166.248
964,Fletcher,Gercke,fgerckeqr@bizjournals.com,Male,163.91.177.70
965,Goddart,Bastock,gbastockqs@people.com.cn,Male,29.32.146.155
966,Blake,Hierro,bhierroqt@ft.com,Female,228.53.177.76
967,Maryellen,Hassent,mhassentqu@youtu.be,Female,21.140.212.72
968,Claiborn,Vanes,cvanesqv@github.com,Male,226.4.103.43
969,Ardenia,Brindley,abrindleyqw@flickr.com,Female,210.198.88.61
970,Marita,Rudyard,mrudyardqx@creativecommons.org,Female,116.207.14.123
971,Catriona,Cade,ccadeqy@cocolog-nifty.com,Female,87.221.34.254
972,Maddie,Kupis,mkupisqz@photobucket.com,Male,124.126.244.148
973,Alister,Zoane,azoaner0@dailymotion.com,Male,91.144.22.151
974,Stevena,Whysall,swhysallr1@mediafire.com,Female,25.98.41.94
975,Adolph,Warbys,awarbysr2@1und1.de,Male,226.243.70.38
976,Katerina,Lent,klentr3@hugedomains.com,Female,10.120.136.68
977,Cassaundra,Earengey,cearengeyr4@stanford.edu,Female,45.80.145.71
978,Willis,Flacke,wflacker5@hibu.com,Male,115.225.62.151
979,Witty,Greetham,wgreethamr6@bigcartel.com,Male,130.228.100.148
980,Libby,Cottam,lcottamr7@merriam-webster.com,Female,112.114.81.33
981,Benedikta,Ingerman,bingermanr8@umich.edu,Female,240.56.61.165
982,Rubetta,Phipard-Shears,rphipardshearsr9@webmd.com,Female,7.119.3.224
983,Brew,Vannah,bvannahra@state.gov,Male,218.158.56.217
984,Donal,Splevins,dsplevinsrb@reference.com,Male,129.165.217.212
985,Cassy,Hathway,chathwayrc@webnode.com,Female,179.18.252.16
986,Rainer,Beaudry,rbeaudryrd@yahoo.co.jp,Male,140.134.47.119
987,Hynda,McKeon,hmckeonre@apache.org,Female,125.240.87.28
988,Jemmie,Laidlaw,jlaidlawrf@studiopress.com,Female,12.161.231.123
989,Cthrine,McRobb,cmcrobbrg@stanford.edu,Female,52.221.245.25
990,Hillary,Hitzke,hhitzkerh@feedburner.com,Female,208.214.204.114
991,Ardyce,Fould,afouldri@comcast.net,Female,216.141.2.59
992,Dorris,Drake,ddrakerj@intel.com,Female,3.218.102.252
993,Sharity,Crippen,scrippenrk@themeforest.net,Female,12.121.92.255
994,Tandie,Kahn,tkahnrl@cam.ac.uk,Female,49.12.239.114
995,Kermy,Braban,kbrabanrm@uiuc.edu,Male,109.139.220.68
996,Caritta,Diegan,cdieganrn@ox.ac.uk,Female,36.111.73.134
997,Dorthy,Thys,dthysro@live.com,Female,43.161.52.24
998,Bathsheba,Billington,bbillingtonrp@arstechnica.com,Female,42.251.195.185
999,Ruprecht,Giovannetti,rgiovannettirq@google.fr,Male,40.67.154.106
1000,Mikaela,Birtwhistle,mbirtwhistlerr@comsenz.com,Female,243.3.36.198